Timer,	Copy(s),	Scalar(s),	Add(s),	Triad(s) 
Compute,	0.105479,	0.109821,	0.144116,	0.123712 
Total,	0.108810,	0.109842,	0.144133,	0.123731 
