Timer,	Copy(s),	Scalar(s),	Add(s),	Triad(s) 
Compute,	0.102503,	0.096475,	0.105437,	0.116934 
Total,	0.104752,	0.096487,	0.105449,	0.116946 
