Timer,	Copy(s),	Scalar(s),	Add(s),	Triad(s) 
Compute,	0.271333,	0.268395,	0.355631,	0.359926 
Total,	13.457936,	13.854775,	14.315228,	14.839375 
