Timer,	Copy(s),	Scalar(s),	Add(s),	Triad(s) 
Compute,	0.097014,	0.096564,	0.106719,	0.113623 
Total,	5.781544,	5.991667,	6.021098,	6.232464 
