Timer,	Copy(s),	Scalar(s),	Add(s),	Triad(s) 
Compute,	0.001269,	0.001111,	0.001254,	0.001541 
Total,	0.001344,	0.001118,	0.001265,	0.001551 
