Timer,	Copy(s),	Scalar(s),	Add(s),	Triad(s) 
Compute,	0.105095,	0.087837,	0.138370,	0.133404 
Total,	0.107446,	0.087854,	0.138385,	0.133418 
