Timer,	Copy(s),	Scalar(s),	Add(s),	Triad(s) 
Compute,	0.097251,	0.096113,	0.107872,	0.115272 
Total,	5.670125,	5.792201,	5.515673,	6.284079 
