Timer,	Copy(s),	Scalar(s),	Add(s),	Triad(s) 
Compute,	0.201016,	0.199484,	0.242659,	0.252590 
Total,	11.819709,	11.760584,	11.592862,	11.726605 
