Timer,	Copy(s),	Scalar(s),	Add(s),	Triad(s) 
Compute,	0.101482,	0.097057,	0.104370,	0.113381 
Total,	0.103732,	0.097068,	0.104381,	0.113393 
