Timer,	Copy(s),	Scalar(s),	Add(s),	Triad(s) 
Compute,	0.104203,	0.097102,	0.100570,	0.109369 
Total,	0.106478,	0.097114,	0.100582,	0.109381 
