Timer,	Copy(s),	Scalar(s),	Add(s),	Triad(s) 
Compute,	0.001020,	0.000948,	0.001081,	0.001202 
Total,	0.070712,	0.057070,	0.062570,	0.057132 
