Timer,	Copy(s),	Scalar(s),	Add(s),	Triad(s) 
Compute,	0.000880,	0.000839,	0.001001,	0.001113 
Total,	0.049450,	0.042649,	0.045044,	0.043414 
