Timer,	Copy(s),	Scalar(s),	Add(s),	Triad(s) 
Compute,	0.270742,	0.269333,	0.273696,	0.328780 
Total,	0.275648,	0.269348,	0.273710,	0.328796 
