Timer,	Copy(s),	Scalar(s),	Add(s),	Triad(s) 
Compute,	0.000891,	0.000841,	0.000988,	0.001098 
Total,	0.048502,	0.043173,	0.045656,	0.043596 
