Timer,	Copy(s),	Scalar(s),	Add(s),	Triad(s) 
Compute,	0.001019,	0.000831,	0.000975,	0.001029 
Total,	0.071997,	0.067201,	0.073841,	0.067487 
