Timer,	Copy(s),	Scalar(s),	Add(s),	Triad(s) 
Compute,	0.267952,	0.266158,	0.272065,	0.325658 
Total,	0.275448,	0.266173,	0.272081,	0.325673 
