Timer,	Copy(s),	Scalar(s),	Add(s),	Triad(s) 
Compute,	0.186925,	0.180500,	0.206645,	0.218338 
Total,	11.106902,	11.129006,	11.103579,	10.748712 
