Timer,	Copy(s),	Scalar(s),	Add(s),	Triad(s) 
Compute,	0.273761,	0.268279,	0.355069,	0.358478 
Total,	14.370206,	14.341749,	14.089112,	14.412447 
