Timer,	Copy(s),	Scalar(s),	Add(s),	Triad(s) 
Compute,	0.102176,	0.097150,	0.103920,	0.113785 
Total,	0.104452,	0.097161,	0.103930,	0.113796 
