Timer,	Copy(s),	Scalar(s),	Add(s),	Triad(s) 
Compute,	0.000925,	0.000898,	0.001005,	0.001566 
Total,	0.080498,	0.069484,	0.076059,	0.098625 
