Timer,	Copy(s),	Scalar(s),	Add(s),	Triad(s) 
Compute,	0.103577,	0.096672,	0.104618,	0.115852 
Total,	0.105829,	0.096683,	0.104629,	0.115864 
