Timer,	Copy(s),	Scalar(s),	Add(s),	Triad(s) 
Compute,	0.185945,	0.180163,	0.206094,	0.220704 
Total,	10.559244,	10.712034,	11.211298,	10.459281 
