Timer,	Copy(s),	Scalar(s),	Add(s),	Triad(s) 
Compute,	0.000868,	0.000836,	0.000993,	0.001066 
Total,	0.051071,	0.044522,	0.047889,	0.044849 
