Timer,	Copy(s),	Scalar(s),	Add(s),	Triad(s) 
Compute,	0.102613,	0.096689,	0.103413,	0.109574 
Total,	0.104950,	0.096700,	0.103424,	0.109585 
