Timer,	Copy(s),	Scalar(s),	Add(s),	Triad(s) 
Compute,	0.001265,	0.001163,	0.001302,	0.001587 
Total,	0.001342,	0.001170,	0.001313,	0.001599 
