Timer,	Copy(s),	Scalar(s),	Add(s),	Triad(s) 
Compute,	0.103272,	0.088070,	0.092285,	0.101500 
Total,	0.105557,	0.088090,	0.092305,	0.101520 
