Timer,	Copy(s),	Scalar(s),	Add(s),	Triad(s) 
Compute,	0.226228,	0.165598,	0.219696,	0.192698 
Total,	23.230053,	23.257539,	23.465630,	23.230032 
