Timer,	Copy(s),	Scalar(s),	Add(s),	Triad(s) 
Compute,	0.097647,	0.096851,	0.109267,	0.111146 
Total,	5.447528,	6.284683,	6.419102,	6.080980 
