Timer,	Copy(s),	Scalar(s),	Add(s),	Triad(s) 
Compute,	0.103306,	0.096295,	0.105139,	0.114404 
Total,	0.105635,	0.096307,	0.105151,	0.114417 
