Timer,	Copy(s),	Scalar(s),	Add(s),	Triad(s) 
Compute,	0.097335,	0.098172,	0.106072,	0.114905 
Total,	5.399099,	6.398570,	5.775607,	5.898536 
