Timer,	Copy(s),	Scalar(s),	Add(s),	Triad(s) 
Compute,	0.097260,	0.095428,	0.109130,	0.115550 
Total,	6.061725,	5.914183,	6.046071,	6.017271 
