Timer,	Copy(s),	Scalar(s),	Add(s),	Triad(s) 
Compute,	0.102902,	0.096887,	0.103908,	0.113461 
Total,	0.105174,	0.096898,	0.103918,	0.113472 
