Timer,	Copy(s),	Scalar(s),	Add(s),	Triad(s) 
Compute,	0.102733,	0.096522,	0.103893,	0.114723 
Total,	0.105041,	0.096534,	0.103904,	0.114735 
