Timer,	Copy(s),	Scalar(s),	Add(s),	Triad(s) 
Compute,	0.001237,	0.001074,	0.001201,	0.001555 
Total,	0.001313,	0.001081,	0.001212,	0.001564 
