Timer,	Copy(s),	Scalar(s),	Add(s),	Triad(s) 
Compute,	0.271139,	0.268239,	0.355048,	0.357968 
Total,	13.859604,	14.097910,	14.422356,	15.023369 
