Timer,	Copy(s),	Scalar(s),	Add(s),	Triad(s) 
Compute,	0.264387,	0.169538,	0.228167,	0.209145 
Total,	23.902934,	23.994909,	24.919271,	24.731247 
