Timer,	Copy(s),	Scalar(s),	Add(s),	Triad(s) 
Compute,	0.000870,	0.000837,	0.000998,	0.001094 
Total,	0.051400,	0.042543,	0.045228,	0.043019 
