Timer,	Copy(s),	Scalar(s),	Add(s),	Triad(s) 
Compute,	0.001008,	0.000859,	0.001006,	0.001076 
Total,	0.071815,	0.067062,	0.071183,	0.067491 
