Timer,	Copy(s),	Scalar(s),	Add(s),	Triad(s) 
Compute,	0.104669,	0.085954,	0.096745,	0.109767 
Total,	0.108036,	0.085977,	0.096768,	0.109790 
