Timer,	Copy(s),	Scalar(s),	Add(s),	Triad(s) 
Compute,	0.184931,	0.180634,	0.208388,	0.221637 
Total,	10.186268,	10.559858,	10.850940,	10.255068 
