Timer,	Copy(s),	Scalar(s),	Add(s),	Triad(s) 
Compute,	0.101605,	0.095406,	0.103042,	0.110750 
Total,	0.104830,	0.095423,	0.103058,	0.110768 
