Timer,	Copy(s),	Scalar(s),	Add(s),	Triad(s) 
Compute,	0.245141,	0.258762,	0.308329,	0.341622 
Total,	0.253467,	0.258782,	0.308349,	0.341642 
