Timer,	Copy(s),	Scalar(s),	Add(s),	Triad(s) 
Compute,	0.095372,	0.096916,	0.108733,	0.117849 
Total,	5.276802,	5.493596,	5.477970,	5.532637 
