Timer,	Copy(s),	Scalar(s),	Add(s),	Triad(s) 
Compute,	0.104872,	0.088283,	0.098841,	0.112853 
Total,	0.107197,	0.088302,	0.098860,	0.112871 
