Timer,	Copy(s),	Scalar(s),	Add(s),	Triad(s) 
Compute,	0.096027,	0.097199,	0.106638,	0.114635 
Total,	6.054717,	6.458481,	5.383945,	6.167378 
