Timer,	Copy(s),	Scalar(s),	Add(s),	Triad(s) 
Compute,	0.103348,	0.096719,	0.104803,	0.114142 
Total,	0.105687,	0.096731,	0.104814,	0.114155 
