Timer,	Copy(s),	Scalar(s),	Add(s),	Triad(s) 
Compute,	0.001031,	0.000841,	0.000997,	0.001028 
Total,	0.073930,	0.073167,	0.078266,	0.073581 
