Timer,	Copy(s),	Scalar(s),	Add(s),	Triad(s) 
Compute,	0.222021,	0.213910,	0.309675,	0.277864 
Total,	23.177795,	22.895493,	24.412181,	24.429569 
