Timer,	Copy(s),	Scalar(s),	Add(s),	Triad(s) 
Compute,	0.001085,	0.000943,	0.001065,	0.001141 
Total,	0.067889,	0.056749,	0.064073,	0.089240 
