Timer,	Copy(s),	Scalar(s),	Add(s),	Triad(s) 
Compute,	0.102472,	0.095970,	0.104605,	0.115202 
Total,	0.104720,	0.095981,	0.104616,	0.115214 
