Timer,	Copy(s),	Scalar(s),	Add(s),	Triad(s) 
Compute,	0.103531,	0.096633,	0.105496,	0.115425 
Total,	0.105783,	0.096644,	0.105506,	0.115436 
