Timer,	Copy(s),	Scalar(s),	Add(s),	Triad(s) 
Compute,	0.097189,	0.096173,	0.105883,	0.114549 
Total,	5.541590,	5.913747,	6.171921,	6.009369 
