Timer,	Copy(s),	Scalar(s),	Add(s),	Triad(s) 
Compute,	0.308703,	0.222876,	0.310163,	0.249759 
Total,	22.886822,	22.536832,	22.824803,	23.070551 
