Timer,	Copy(s),	Scalar(s),	Add(s),	Triad(s) 
Compute,	0.001068,	0.000850,	0.001055,	0.001129 
Total,	0.075033,	0.071188,	0.074359,	0.071653 
