Timer,	Copy(s),	Scalar(s),	Add(s),	Triad(s) 
Compute,	0.102022,	0.096409,	0.104587,	0.114845 
Total,	0.104277,	0.096420,	0.104598,	0.114856 
