Timer,	Copy(s),	Scalar(s),	Add(s),	Triad(s) 
Compute,	0.286803,	0.248743,	0.297653,	0.242191 
Total,	23.448765,	22.459482,	23.473739,	22.837281 
