Timer,	Copy(s),	Scalar(s),	Add(s),	Triad(s) 
Compute,	0.271985,	0.268946,	0.353163,	0.357080 
Total,	13.704507,	13.925064,	14.056068,	13.589297 
