Timer,	Copy(s),	Scalar(s),	Add(s),	Triad(s) 
Compute,	0.095666,	0.095855,	0.108066,	0.116284 
Total,	5.772588,	6.110874,	6.177853,	6.050382 
