Timer,	Copy(s),	Scalar(s),	Add(s),	Triad(s) 
Compute,	0.215380,	0.168930,	0.210737,	0.211030 
Total,	23.450184,	22.898095,	23.505601,	24.029428 
