Timer,	Copy(s),	Scalar(s),	Add(s),	Triad(s) 
Compute,	0.269527,	0.269368,	0.273284,	0.327770 
Total,	0.277150,	0.269384,	0.273300,	0.327785 
