Timer,	Copy(s),	Scalar(s),	Add(s),	Triad(s) 
Compute,	0.102590,	0.096394,	0.105078,	0.108179 
Total,	0.104845,	0.096405,	0.105089,	0.108191 
