Timer,	Copy(s),	Scalar(s),	Add(s),	Triad(s) 
Compute,	0.001009,	0.000949,	0.001062,	0.001166 
Total,	0.069863,	0.058761,	0.063351,	0.058366 
