Timer,	Copy(s),	Scalar(s),	Add(s),	Triad(s) 
Compute,	0.274671,	0.267526,	0.354053,	0.354939 
Total,	13.923542,	14.341136,	14.464728,	13.725945 
