Timer,	Copy(s),	Scalar(s),	Add(s),	Triad(s) 
Compute,	0.001047,	0.000873,	0.001009,	0.001060 
Total,	0.075433,	0.074952,	0.078502,	0.074477 
