Timer,	Copy(s),	Scalar(s),	Add(s),	Triad(s) 
Compute,	0.103295,	0.096356,	0.103564,	0.111404 
Total,	0.105668,	0.096367,	0.103574,	0.111416 
