Timer,	Copy(s),	Scalar(s),	Add(s),	Triad(s) 
Compute,	0.287267,	0.214512,	0.290454,	0.243540 
Total,	23.014917,	23.226383,	23.144953,	23.433355 
