Timer,	Copy(s),	Scalar(s),	Add(s),	Triad(s) 
Compute,	0.101943,	0.096642,	0.103933,	0.116130 
Total,	0.104219,	0.096654,	0.103945,	0.116142 
