Timer,	Copy(s),	Scalar(s),	Add(s),	Triad(s) 
Compute,	0.001286,	0.001167,	0.001283,	0.001602 
Total,	0.001365,	0.001175,	0.001294,	0.001612 
