Timer,	Copy(s),	Scalar(s),	Add(s),	Triad(s) 
Compute,	0.291853,	0.231404,	0.303443,	0.249308 
Total,	22.511281,	22.821556,	23.279665,	23.201856 
