Timer,	Copy(s),	Scalar(s),	Add(s),	Triad(s) 
Compute,	0.271499,	0.266666,	0.354715,	0.360016 
Total,	14.038427,	13.828969,	14.676600,	14.610668 
