Timer,	Copy(s),	Scalar(s),	Add(s),	Triad(s) 
Compute,	0.185431,	0.181399,	0.203196,	0.211004 
Total,	11.229736,	11.654129,	11.074896,	11.510302 
