Timer,	Copy(s),	Scalar(s),	Add(s),	Triad(s) 
Compute,	0.102862,	0.097130,	0.105544,	0.116117 
Total,	0.105145,	0.097141,	0.105556,	0.116129 
