Timer,	Copy(s),	Scalar(s),	Add(s),	Triad(s) 
Compute,	0.186738,	0.180295,	0.206342,	0.218443 
Total,	10.641143,	11.239945,	10.916722,	10.972272 
