Timer,	Copy(s),	Scalar(s),	Add(s),	Triad(s) 
Compute,	0.000870,	0.000840,	0.000999,	0.001068 
Total,	0.050215,	0.042912,	0.046269,	0.043441 
