Timer,	Copy(s),	Scalar(s),	Add(s),	Triad(s) 
Compute,	0.095580,	0.096567,	0.106432,	0.114332 
Total,	5.863974,	5.779180,	5.261442,	6.352398 
