Timer,	Copy(s),	Scalar(s),	Add(s),	Triad(s) 
Compute,	0.272748,	0.269000,	0.354941,	0.358445 
Total,	13.757458,	14.307950,	13.902249,	14.356791 
