Timer,	Copy(s),	Scalar(s),	Add(s),	Triad(s) 
Compute,	0.103468,	0.096760,	0.101716,	0.109664 
Total,	0.105768,	0.096771,	0.101727,	0.109676 
