Timer,	Copy(s),	Scalar(s),	Add(s),	Triad(s) 
Compute,	0.104604,	0.109031,	0.143440,	0.123789 
Total,	0.107790,	0.109048,	0.143453,	0.123803 
