Timer,	Copy(s),	Scalar(s),	Add(s),	Triad(s) 
Compute,	0.001202,	0.001103,	0.001247,	0.001656 
Total,	0.001279,	0.001110,	0.001257,	0.001666 
