Timer,	Copy(s),	Scalar(s),	Add(s),	Triad(s) 
Compute,	0.105950,	0.088231,	0.101704,	0.110334 
Total,	0.109167,	0.088248,	0.101721,	0.110355 
