Timer,	Copy(s),	Scalar(s),	Add(s),	Triad(s) 
Compute,	0.276052,	0.268603,	0.354755,	0.353047 
Total,	14.199218,	13.801138,	14.239112,	14.297954 
