Timer,	Copy(s),	Scalar(s),	Add(s),	Triad(s) 
Compute,	0.000878,	0.000841,	0.000975,	0.001087 
Total,	0.049808,	0.042819,	0.045361,	0.042960 
