Timer,	Copy(s),	Scalar(s),	Add(s),	Triad(s) 
Compute,	0.184097,	0.180218,	0.203638,	0.215651 
Total,	10.736860,	11.252987,	10.815439,	11.247324 
