Timer,	Copy(s),	Scalar(s),	Add(s),	Triad(s) 
Compute,	0.270573,	0.266483,	0.271389,	0.326612 
Total,	0.277196,	0.266498,	0.271404,	0.326627 
