Timer,	Copy(s),	Scalar(s),	Add(s),	Triad(s) 
Compute,	0.093056,	0.095772,	0.106379,	0.115539 
Total,	5.753650,	5.315001,	5.782072,	5.905004 
