Timer,	Copy(s),	Scalar(s),	Add(s),	Triad(s) 
Compute,	0.273506,	0.268729,	0.353910,	0.357408 
Total,	14.062442,	14.571376,	14.328221,	14.230458 
