Timer,	Copy(s),	Scalar(s),	Add(s),	Triad(s) 
Compute,	0.101489,	0.117224,	0.146939,	0.127093 
Total,	0.103852,	0.117243,	0.146954,	0.127108 
