Timer,	Copy(s),	Scalar(s),	Add(s),	Triad(s) 
Compute,	0.103017,	0.087595,	0.141367,	0.127938 
Total,	0.106366,	0.087611,	0.141384,	0.127953 
