Timer,	Copy(s),	Scalar(s),	Add(s),	Triad(s) 
Compute,	0.001044,	0.000977,	0.001117,	0.001207 
Total,	0.068344,	0.057266,	0.062139,	0.057097 
