Timer,	Copy(s),	Scalar(s),	Add(s),	Triad(s) 
Compute,	0.001025,	0.000877,	0.001049,	0.001094 
Total,	0.079270,	0.075115,	0.079400,	0.074975 
