Timer,	Copy(s),	Scalar(s),	Add(s),	Triad(s) 
Compute,	0.268981,	0.267645,	0.274664,	0.326562 
Total,	0.276657,	0.267660,	0.274680,	0.326578 
