Timer,	Copy(s),	Scalar(s),	Add(s),	Triad(s) 
Compute,	0.274120,	0.268380,	0.353166,	0.353041 
Total,	13.870322,	14.037270,	14.012019,	13.882693 
