Timer,	Copy(s),	Scalar(s),	Add(s),	Triad(s) 
Compute,	0.102941,	0.101087,	0.106611,	0.114870 
Total,	0.105192,	0.101104,	0.106623,	0.114885 
