Timer,	Copy(s),	Scalar(s),	Add(s),	Triad(s) 
Compute,	0.268755,	0.269312,	0.274592,	0.331067 
Total,	0.273672,	0.269327,	0.274606,	0.331080 
