Timer,	Copy(s),	Scalar(s),	Add(s),	Triad(s) 
Compute,	0.269712,	0.268216,	0.275911,	0.329902 
Total,	0.275365,	0.268233,	0.275926,	0.329918 
