Timer,	Copy(s),	Scalar(s),	Add(s),	Triad(s) 
Compute,	0.001090,	0.000831,	0.001034,	0.001163 
Total,	0.071222,	0.072601,	0.079286,	0.080376 
