Timer,	Copy(s),	Scalar(s),	Add(s),	Triad(s) 
Compute,	0.001019,	0.000976,	0.001083,	0.001228 
Total,	0.069214,	0.057361,	0.373349,	0.061516 
