Timer,	Copy(s),	Scalar(s),	Add(s),	Triad(s) 
Compute,	0.000880,	0.000847,	0.000977,	0.001082 
Total,	0.049345,	0.042576,	0.044909,	0.043424 
