Timer,	Copy(s),	Scalar(s),	Add(s),	Triad(s) 
Compute,	0.265540,	0.259021,	0.270949,	0.327866 
Total,	0.273207,	0.259037,	0.270964,	0.327881 
