Timer,	Copy(s),	Scalar(s),	Add(s),	Triad(s) 
Compute,	0.271235,	0.267362,	0.274630,	0.328632 
Total,	0.276310,	0.267376,	0.274646,	0.328649 
