Timer,	Copy(s),	Scalar(s),	Add(s),	Triad(s) 
Compute,	0.001291,	0.001105,	0.001272,	0.001633 
Total,	0.001372,	0.001112,	0.001283,	0.001643 
