Timer,	Copy(s),	Scalar(s),	Add(s),	Triad(s) 
Compute,	0.001241,	0.001150,	0.001279,	0.001606 
Total,	0.001318,	0.001158,	0.001289,	0.001617 
