Timer,	Copy(s),	Scalar(s),	Add(s),	Triad(s) 
Compute,	0.001035,	0.000926,	0.001153,	0.001207 
Total,	0.069551,	0.057797,	0.062470,	0.057063 
