Timer,	Copy(s),	Scalar(s),	Add(s),	Triad(s) 
Compute,	0.103316,	0.096232,	0.103736,	0.114237 
Total,	0.105585,	0.096244,	0.103748,	0.114249 
