Timer,	Copy(s),	Scalar(s),	Add(s),	Triad(s) 
Compute,	0.229408,	0.219456,	0.287928,	0.241890 
Total,	22.652001,	22.960658,	22.835200,	22.955256 
