Timer,	Copy(s),	Scalar(s),	Add(s),	Triad(s) 
Compute,	0.001250,	0.001142,	0.001253,	0.001570 
Total,	0.001340,	0.001149,	0.001263,	0.001580 
