Timer,	Copy(s),	Scalar(s),	Add(s),	Triad(s) 
Compute,	0.105023,	0.097018,	0.105167,	0.108913 
Total,	0.107320,	0.097029,	0.105178,	0.108924 
