Timer,	Copy(s),	Scalar(s),	Add(s),	Triad(s) 
Compute,	0.001037,	0.000851,	0.001043,	0.001367 
Total,	0.075419,	0.072401,	0.077982,	0.089239 
