Timer,	Copy(s),	Scalar(s),	Add(s),	Triad(s) 
Compute,	0.001074,	0.000972,	0.001111,	0.001277 
Total,	0.071247,	0.058225,	0.063489,	0.077293 
