Timer,	Copy(s),	Scalar(s),	Add(s),	Triad(s) 
Compute,	0.239970,	0.173803,	0.235952,	0.198447 
Total,	22.976319,	23.266661,	23.708430,	22.743767 
