Timer,	Copy(s),	Scalar(s),	Add(s),	Triad(s) 
Compute,	0.001232,	0.001109,	0.001241,	0.001671 
Total,	0.001308,	0.001117,	0.001253,	0.001682 
