Timer,	Copy(s),	Scalar(s),	Add(s),	Triad(s) 
Compute,	0.187569,	0.181593,	0.206881,	0.219154 
Total,	11.212935,	10.665387,	11.288134,	10.914018 
