Timer,	Copy(s),	Scalar(s),	Add(s),	Triad(s) 
Compute,	0.001152,	0.000855,	0.001023,	0.001096 
Total,	0.050670,	0.043785,	0.107027,	0.045767 
