Timer,	Copy(s),	Scalar(s),	Add(s),	Triad(s) 
Compute,	0.185499,	0.180565,	0.212031,	0.228042 
Total,	10.008433,	10.653966,	10.436907,	11.320226 
