Timer,	Copy(s),	Scalar(s),	Add(s),	Triad(s) 
Compute,	0.001010,	0.000943,	0.001112,	0.001206 
Total,	0.070500,	0.057468,	0.062104,	0.057758 
