Timer,	Copy(s),	Scalar(s),	Add(s),	Triad(s) 
Compute,	0.187125,	0.180066,	0.204718,	0.219677 
Total,	10.544949,	10.560975,	11.486341,	11.142578 
