Timer,	Copy(s),	Scalar(s),	Add(s),	Triad(s) 
Compute,	0.001031,	0.000938,	0.001097,	0.001170 
Total,	0.067862,	0.056808,	0.061897,	0.057124 
