Timer,	Copy(s),	Scalar(s),	Add(s),	Triad(s) 
Compute,	0.104828,	0.098211,	0.143452,	0.138331 
Total,	0.108043,	0.098229,	0.143469,	0.138345 
