Timer,	Copy(s),	Scalar(s),	Add(s),	Triad(s) 
Compute,	0.001016,	0.000830,	0.000988,	0.001047 
Total,	0.074904,	0.074077,	0.080871,	0.074431 
