Timer,	Copy(s),	Scalar(s),	Add(s),	Triad(s) 
Compute,	0.000871,	0.000828,	0.000991,	0.001101 
Total,	0.051044,	0.043830,	0.047276,	0.044433 
