Timer,	Copy(s),	Scalar(s),	Add(s),	Triad(s) 
Compute,	0.183461,	0.180468,	0.204115,	0.217379 
Total,	11.083865,	11.897697,	10.691360,	11.357306 
