Timer,	Copy(s),	Scalar(s),	Add(s),	Triad(s) 
Compute,	0.001018,	0.000937,	0.001093,	0.001168 
Total,	0.067136,	0.056898,	0.061143,	0.057698 
