Timer,	Copy(s),	Scalar(s),	Add(s),	Triad(s) 
Compute,	0.270381,	0.266379,	0.273599,	0.325090 
Total,	0.275398,	0.266393,	0.273613,	0.325105 
