Timer,	Copy(s),	Scalar(s),	Add(s),	Triad(s) 
Compute,	0.102548,	0.096600,	0.103491,	0.114145 
Total,	0.104821,	0.096612,	0.103502,	0.114157 
