Timer,	Copy(s),	Scalar(s),	Add(s),	Triad(s) 
Compute,	0.001292,	0.001158,	0.001308,	0.001629 
Total,	0.001376,	0.001167,	0.001319,	0.001639 
