Timer,	Copy(s),	Scalar(s),	Add(s),	Triad(s) 
Compute,	0.000857,	0.000840,	0.000993,	0.001072 
Total,	0.049449,	0.043136,	0.045922,	0.043383 
